id	name	description	type	default_metric	participation	serialization	polarity	visibility
event1	Server Call Counter (E1)	"Counts every Server Call (Event plus Pageview Hits)
"	counter_no_subrelations	FALSE	disabled	always_record	positive	everywhere
event2	Page View Counter (E2)	Counts every Pageview Hit	counter_no_subrelations	FALSE	disabled	always_record	positive	everywhere
event3	Checkout Step: Payment (E3)	Counts when user reaches the Payment Step in the Checkout	counter	FALSE	disabled	always_record	positive	everywhere
event4	Checkout Step: Overview (E4)	Counts when user reaches the Order Overview Step in the Checkout (final step before order confirmation)	counter	FALSE	disabled	always_record	positive	everywhere
event5	Custom 5		disabled	FALSE	disabled	always_record	positive	everywhere
event6	Fast Checkout (E6)	Counts Hits when a user is in a fast checkout	counter	FALSE	disabled	always_record	positive	everywhere
event7	Order Commission (E7)	Commission of the Order	disabled	FALSE	disabled	always_record	positive	everywhere
event8	Product Commission (E8)	Commission per Purchase per Product	currency	FALSE	disabled	always_record	positive	everywhere
event9	Repeat Orders (E9)	Counts on a purchase if a user has bought already in the past (determined by a cookie)	counter	FALSE	disabled	always_record	positive	everywhere
event10	Order Tax (E10)	The overall tax sum of a purchase	currency	FALSE	disabled	always_record	positive	everywhere
event11	Order Shipping (E11)	The overall shipping sum of a purchase	currency	FALSE	disabled	always_record	positive	everywhere
event12	Product Revenue with Discount (E12)	The revenue made with vouchers on product level	currency	FALSE	disabled	always_record	positive	everywhere
event13	Order Voucher Discount (E13)	Voucher Tracking: Discount in CHF of Order	currency	FALSE	disabled	always_record	negative	everywhere
event14	Product Voucher Discount (E14)	Voucher Tracking: Discount in CHF of Product (Tax without vouchers)	currency	FALSE	disabled	always_record	negative	everywhere
event15	Order Discounted Tax (E15)	The overall discounted tax sum of a purchase	currency	FALSE	disabled	always_record	negative	everywhere
event16	Int. Stand. Search Result Clicked (E16)	Counts the clicks on internal standard search results (not suggested search)	counter	FALSE	enabled	always_record	positive	everywhere
event17	Active Stand. Search Started (E17)	Counts every time the internal (not suggested) search is started by clicking on the Search button	counter	FALSE	enabled	always_record	positive	everywhere
event18	Sugg. Search Result Clicked (E18)	Counts every time an internal suggested search result is clicked.	counter	FALSE	enabled	always_record	positive	everywhere
event19	Stand. Search started from Sugg. Search (E19)	"Counts when the standard search is started even though the user saw search result previews in the suggested search (user clicked ""show all"" or the search button)"	counter	FALSE	enabled	always_record	positive	everywhere
event20	Registration (any form) (E20)	Counts any Registration attempt no matter where (checkout or account)	counter	FALSE	disabled	always_record	positive	everywhere
event21	Sugg. Search Category Lvl3 Clicked (E21)	Counts clicks on Category Level3 Suggestions	counter	FALSE	enabled	always_record	positive	everywhere
event22	Successful Active Stand. Search (E22)	Counts a successful Active Standard Search (when the user clicks on a result for a search term he previously searched actively or reaches a PDP with the search term in the referrer string)	counter	FALSE	disabled	always_record	positive	everywhere
event23	Hit of Logged in User (E23)	Counts every HIt by logged-in users	counter	FALSE	disabled	always_record	positive	everywhere
event24	Hit of Registered User (E24) - notyet active	Counts every HIt by a user that has registered in the past (had a user cookie in the past)	counter	FALSE	disabled	always_record	positive	everywhere
event25	Sugg. Search Started (E25)		counter	FALSE	disabled	always_record	positive	everywhere
event26	Newsletter Signup (any form) (E26)		counter	FALSE	disabled	always_record	positive	everywhere
event27	Newsletter Subscriber (E27)	Counts whether someone is a NL Subscriber (enriched via Audience Stream)	counter	FALSE	disabled	always_record	positive	everywhere
event28	AudienceStream Returning Visitor (E28)	Counts if the Visitor has been to the site before according to Audience Stream Visitor Stitching	counter	FALSE	disabled	always_record	positive	everywhere
event29	Hit with third-party cookies disabled (E29)	Hit with third-party cookies disabled according to AudienceStream	counter	FALSE	disabled	always_record	positive	everywhere
event30	Internal User (E30)	Identifies an internal user (Siroop)	counter	FALSE	disabled	always_record	positive	everywhere
event31	Offline Ad Cost (E31)	Offline Cost (e.g. TV)	disabled	FALSE	disabled	always_record	negative	everywhere
event32	Offline GRP (E32)	GRP (Gross Rating Point = Reach within target audience) of offline campaigns	disabled	FALSE	disabled	always_record	positive	everywhere
event33	Delivered		disabled	FALSE	disabled	always_record	positive	everywhere
event34	Sent		disabled	FALSE	disabled	always_record	positive	everywhere
event35	Impressions (E35)	Ad Impressions per Campaign ID according to Ad Serving Network	numeric	FALSE	disabled	always_record	positive	everywhere
event36	Clicks (E36)	Ad Clicks per Campaign ID according to Ad Serving Network	numeric	FALSE	disabled	always_record	positive	everywhere
event37	Ad Cost (E37)	Cost per day per Campaign ID according to Ad Serving Network	currency	FALSE	disabled	always_record	negative	everywhere
event38	View-through Conversions (E38)	View-Through Conversions per Campaign ID according to Ad Serving Network	disabled	FALSE	disabled	always_record	positive	everywhere
event39	Total Bounces		disabled	FALSE	disabled	always_record	negative	everywhere
event40	Opened		disabled	FALSE	disabled	always_record	positive	everywhere
event41	Refunded Revenue (E41)	The revenue (CHF) that was refunded	currency	FALSE	disabled	always_record	negative	everywhere
event42	Refunded Orders (E42)	The number of refunded orders	numeric	FALSE	disabled	always_record	negative	everywhere
event43	Refunded Units (E43)	The units (Stueckzahl) that were refunded	numeric	FALSE	disabled	always_record	negative	everywhere
event44	Cancelled Revenue (E44)	INACTIVE: The revenue (CHF) that was cancelled	disabled	FALSE	disabled	always_record	negative	everywhere
event45	Cancelled Orders (E45)	INACTIVE: The number of cancelled orders	disabled	FALSE	disabled	always_record	negative	everywhere
event46	Cancelled Units (E46)	INACTIVE: The units (Stueckzahl) that were cancelled	disabled	FALSE	disabled	always_record	negative	everywhere
event47	Hit with AudienceStream DLE (E47)	INACTIVE: Effective Revenue as recorded by the BI Team.  Delayed in reporting by about a week	counter	FALSE	disabled	always_record	positive	everywhere
event48	Unique Lvl1 Categories (E48)	Number of Unique Lvl1 Categories in a basket. Allows to track mixed baskets where a user orders products from several Categories	numeric	FALSE	disabled	always_record	positive	everywhere
event49	Unique Lvl2 Categories (E49)	Number of Unique Lvl2 Categories in a basket. Allows to track mixed baskets where a user orders products from several Categories	numeric	FALSE	disabled	always_record	positive	everywhere
event50	Unique Lvl1-3 Categories (E50)	Number of Unique Lvl1-3 Categories in a basket. Allows to track mixed baskets where a user orders products from several Categories	numeric	FALSE	disabled	always_record	positive	everywhere
event51	Unique Products (for non-Prod Dimensions, deprecated) (E51)	Number of Unique Product Concrete IDs bought. Use for Dimensions like Campaigns. Deprecated since May 9, 2017. Recommended using E52.	numeric	FALSE	disabled	always_record	positive	everywhere
event52	Unique Products (E52)	Number of Unique Product Concrete IDs bought. Can be used for Product Dimensions or others. Available since May 9, 2017.	numeric	FALSE	disabled	always_record	positive	everywhere
event53	Unique Merchants (E53)	Number of Unique Merchants in a basket. Allows to track mixed baskets where a user orders products from several merchants	numeric	FALSE	disabled	always_record	positive	everywhere
event54	Active Merchant SKUs (E54)	Number of Products of a Merchant that are in stock (have an amount > 0)	numeric	FALSE	disabled	always_record	positive	everywhere
event55	Merchant SKUs (E55)	Number of Products of a Merchant indepedent of stock status	numeric	FALSE	disabled	always_record	positive	everywhere
event56	Concrete Prod Detail View (E56) - once per Pageview	zählt einmal pro Seitenaufruf den Concrete PDP View für eine Concrete ID	numeric	FALSE	disabled	always_record	positive	everywhere
event57	Abstract Prod Detail View (E57) - once per Page	"zählt einmal pro Seitenaufruf den Abstract PDP View - bei Aufrufen von bereits konfigurierten Produkten wird auch gezählt. Kriterium: eec_action = ""detail"" AND has not been set yet on this page (ein Counter wird beim ersten Mal Zählen auf 1 gesetzt)"	numeric	FALSE	disabled	always_record	positive	everywhere
event58	Merchant ProdPDV (E58) - once per Page, ID & Merchant	"Hits mit Concrete ID, zählt einmal pro Seitenaufruf.
Anwendungsfall: Uninflated Views eines Concrete Products (zB pro Merchant)
Kriterium: eec_action = ""detail"" AND prod_cid exists AND E58 has not been set yet on this page for this merchant & cid combo"	numeric	FALSE	disabled	always_record	positive	everywhere
event59	Concrete Prod Detail View (E59)	zählt alle Hits mit Concrete ID - Anwendungsfall zB: Wie oft wird eine einzelne PDP konfiguriert, bevor das Produkt in den Warenkorb gelegt wird.	numeric	FALSE	disabled	always_record	positive	everywhere
event60	Abstract or Concrete Product Detail View (E60)	"zählt PDP Hits (analog zu GA, aber nicht mehrfach pro Merchant). Macht nur Sinn in once-per-Visit-Calc-Metriken
Kriterium: alle Hits mit eec_action = ""detail"""	numeric	FALSE	disabled	always_record	positive	everywhere
event61	Product View in List (E61)	Counts Product Views in Lists (available since Mid-April 2016, deactivated in June 2016)	disabled	FALSE	disabled	always_record	positive	everywhere
event62	Product List Click (E62) - since Jul 5/2017	Counts Clicks on Products in Lists (available since July 2017.)	counter	FALSE	disabled	always_record	positive	everywhere
event63	Search Filter Load (E63)	User loaded a page where one or more filters were open	counter	FALSE	disabled	always_record	positive	everywhere
event64	Search Filter Open (E64)		counter	FALSE	disabled	always_record	positive	everywhere
event65	Search Filter Close (E65)		counter	FALSE	disabled	always_record	negative	everywhere
event66	Search Filter Select (E66)		counter	FALSE	disabled	always_record	positive	everywhere
event67	Search Filter Deselect (E67)		counter	FALSE	disabled	always_record	positive	everywhere
event68	Search Filter Apply (E68)		counter	FALSE	disabled	always_record	positive	everywhere
event69	Custom 69		disabled	FALSE	disabled	always_record	positive	everywhere
event70	Spotwatch API Available = 1 (E70)		counter_no_subrelations	FALSE	disabled	always_record	positive	everywhere
event71	Visit during TV Spot (E71)		counter_no_subrelations	FALSE	disabled	record_once_per_visit	positive	everywhere
event72	Login Success (E72)	Counts successful logins (tracked on the page after the logout)	counter	FALSE	disabled	always_record	positive	everywhere
event73	Logout Success (E73)	Counts successful logouts (tracked on the page after the logout)	counter	FALSE	disabled	always_record	positive	everywhere
event74	Login Fail (E74)	Counts failed login attempts	counter	FALSE	disabled	always_record	positive	everywhere
event75	Registration Fail (E75)	Counts failed Registration Attempts (e.g. because user email already exists)	counter	FALSE	disabled	always_record	positive	everywhere
event76	Custom 76		disabled	FALSE	disabled	always_record	positive	everywhere
event77	PDP Video View (E77)	Product Video View on PDP	counter	FALSE	disabled	always_record	positive	everywhere
event78	PDP Image Click (E78)	Product Image Click on PDP	counter	FALSE	disabled	always_record	positive	everywhere
event79	Custom 79		disabled	FALSE	disabled	always_record	positive	everywhere
event80	Wishlist View (E80)	"User views wishlist page
"	counter	FALSE	disabled	always_record	positive	everywhere
event81	Wishlist Add (E81)	"User adds product to wishlist
"	counter	FALSE	disabled	always_record	positive	everywhere
event82	Wishlist Remove (E82)	"User removes product from wishlist
"	counter	FALSE	disabled	always_record	negative	everywhere
event83	Cart Add from Wishlist (E83)	User adds product from wishlist to cart	counter	FALSE	disabled	always_record	positive	everywhere
event84	Custom 84		disabled	FALSE	disabled	always_record	positive	everywhere
event85	Page Load Time: Response from Server (E85)	"Time from ""request is sent"" to ""last byte of response has been received"""	numeric	FALSE	disabled	always_record	negative	everywhere
event86	Page Load Time: DOM Ready (E86)	"Time from ""browser is ready to fetch document"" to ""document has loaded"""	numeric	FALSE	disabled	always_record	negative	everywhere
event87	Page Load Time: Load Complete (E87)	"Time from ""browser is ready to fetch document"" to ""page with all resources has loaded"""	numeric	FALSE	disabled	always_record	negative	everywhere
event88	Custom 88		disabled	FALSE	disabled	always_record	positive	everywhere
event89	Custom 89		disabled	FALSE	disabled	always_record	positive	everywhere
event90	Custom 90		disabled	FALSE	disabled	always_record	positive	everywhere
event91	Custom 91		disabled	FALSE	disabled	always_record	positive	everywhere
event92	Custom 92		disabled	FALSE	disabled	always_record	positive	everywhere
event93	Custom 93		disabled	FALSE	disabled	always_record	positive	everywhere
event94	Custom 94		disabled	FALSE	disabled	always_record	positive	everywhere
event95	Success Event 95		disabled	FALSE	disabled	always_record	positive	everywhere
event96	Success Event 96		disabled	FALSE	disabled	always_record	positive	everywhere
event97	Test Counter Event (E97)	"Test Event for Counter Values
"	counter	FALSE	disabled	always_record	positive	everywhere
event98	Test Numeric Event (E98)	"Test Event for Numeric Values
"	numeric	FALSE	disabled	always_record	positive	everywhere
event99	Test Currency Event (E99)	"Test Event for Currency Values
"	currency	FALSE	disabled	always_record	positive	everywhere
event100	Data Source Import Event (E100)	Is set whenever a Full Processing Data Source Import is made. Used to easily filter out these Hits	counter	FALSE	disabled	always_record	positive	2
event101	Custom 101		disabled	FALSE	disabled	always_record	positive	everywhere
event102	Custom 102		disabled	FALSE	disabled	always_record	positive	everywhere
event103	Custom 103		disabled	FALSE	disabled	always_record	positive	everywhere
event104	Custom 104		disabled	FALSE	disabled	always_record	positive	everywhere
event105	Custom 105		disabled	FALSE	disabled	always_record	positive	everywhere
event106	Custom 106		disabled	FALSE	disabled	always_record	positive	everywhere
event107	Custom 107		disabled	FALSE	disabled	always_record	positive	everywhere
event108	Custom 108		disabled	FALSE	disabled	always_record	positive	everywhere
event109	Custom 109		disabled	FALSE	disabled	always_record	positive	everywhere
event110	Custom 110		disabled	FALSE	disabled	always_record	positive	everywhere
event111	Custom 111		disabled	FALSE	disabled	always_record	positive	everywhere
event112	Custom 112		disabled	FALSE	disabled	always_record	positive	everywhere
event113	Custom 113		disabled	FALSE	disabled	always_record	positive	everywhere
event114	Custom 114		disabled	FALSE	disabled	always_record	positive	everywhere
event115	Custom 115		disabled	FALSE	disabled	always_record	positive	everywhere
event116	Custom 116		disabled	FALSE	disabled	always_record	positive	everywhere
event117	Custom 117		disabled	FALSE	disabled	always_record	positive	everywhere
event118	Custom 118		disabled	FALSE	disabled	always_record	positive	everywhere
event119	Custom 119		disabled	FALSE	disabled	always_record	positive	everywhere
event120	Custom 120		disabled	FALSE	disabled	always_record	positive	everywhere
event121	Custom 121		disabled	FALSE	disabled	always_record	positive	everywhere
event122	Custom 122		disabled	FALSE	disabled	always_record	positive	everywhere
event123	Custom 123		disabled	FALSE	disabled	always_record	positive	everywhere
event124	Custom 124		disabled	FALSE	disabled	always_record	positive	everywhere
event125	Custom 125		disabled	FALSE	disabled	always_record	positive	everywhere
event126	Custom 126		disabled	FALSE	disabled	always_record	positive	everywhere
event127	Custom 127		disabled	FALSE	disabled	always_record	positive	everywhere
event128	Custom 128		disabled	FALSE	disabled	always_record	positive	everywhere
event129	Custom 129		disabled	FALSE	disabled	always_record	positive	everywhere
event130	Custom 130		disabled	FALSE	disabled	always_record	positive	everywhere
event131	Custom 131		disabled	FALSE	disabled	always_record	positive	everywhere
event132	Custom 132		disabled	FALSE	disabled	always_record	positive	everywhere
event133	Custom 133		disabled	FALSE	disabled	always_record	positive	everywhere
event134	Custom 134		disabled	FALSE	disabled	always_record	positive	everywhere
event135	Custom 135		disabled	FALSE	disabled	always_record	positive	everywhere
event136	Custom 136		disabled	FALSE	disabled	always_record	positive	everywhere
event137	Custom 137		disabled	FALSE	disabled	always_record	positive	everywhere
event138	Custom 138		disabled	FALSE	disabled	always_record	positive	everywhere
event139	Custom 139		disabled	FALSE	disabled	always_record	positive	everywhere
event140	Custom 140		disabled	FALSE	disabled	always_record	positive	everywhere
event141	Custom 141		disabled	FALSE	disabled	always_record	positive	everywhere
event142	Custom 142		disabled	FALSE	disabled	always_record	positive	everywhere
event143	Custom 143		disabled	FALSE	disabled	always_record	positive	everywhere
event144	Custom 144		disabled	FALSE	disabled	always_record	positive	everywhere
event145	Custom 145		disabled	FALSE	disabled	always_record	positive	everywhere
event146	Custom 146		disabled	FALSE	disabled	always_record	positive	everywhere
event147	Custom 147		disabled	FALSE	disabled	always_record	positive	everywhere
event148	Custom 148		disabled	FALSE	disabled	always_record	positive	everywhere
event149	Custom 149		disabled	FALSE	disabled	always_record	positive	everywhere
event150	Custom 150		disabled	FALSE	disabled	always_record	positive	everywhere
event151	Custom 151		disabled	FALSE	disabled	always_record	positive	everywhere
event152	Custom 152		disabled	FALSE	disabled	always_record	positive	everywhere
event153	Custom 153		disabled	FALSE	disabled	always_record	positive	everywhere
event154	Custom 154		disabled	FALSE	disabled	always_record	positive	everywhere
event155	Custom 155		disabled	FALSE	disabled	always_record	positive	everywhere
event156	Custom 156		disabled	FALSE	disabled	always_record	positive	everywhere
event157	Custom 157		disabled	FALSE	disabled	always_record	positive	everywhere
event158	Custom 158		disabled	FALSE	disabled	always_record	positive	everywhere
event159	Custom 159		disabled	FALSE	disabled	always_record	positive	everywhere
event160	Custom 160		disabled	FALSE	disabled	always_record	positive	everywhere
event161	Custom 161		disabled	FALSE	disabled	always_record	positive	everywhere
event162	Custom 162		disabled	FALSE	disabled	always_record	positive	everywhere
event163	Custom 163		disabled	FALSE	disabled	always_record	positive	everywhere
event164	Custom 164		disabled	FALSE	disabled	always_record	positive	everywhere
event165	Custom 165		disabled	FALSE	disabled	always_record	positive	everywhere
event166	Custom 166		disabled	FALSE	disabled	always_record	positive	everywhere
event167	Custom 167		disabled	FALSE	disabled	always_record	positive	everywhere
event168	Custom 168		disabled	FALSE	disabled	always_record	positive	everywhere
event169	Custom 169		disabled	FALSE	disabled	always_record	positive	everywhere
event170	Custom 170		disabled	FALSE	disabled	always_record	positive	everywhere
event171	Custom 171		disabled	FALSE	disabled	always_record	positive	everywhere
event172	Custom 172		disabled	FALSE	disabled	always_record	positive	everywhere
event173	Custom 173		disabled	FALSE	disabled	always_record	positive	everywhere
event174	Custom 174		disabled	FALSE	disabled	always_record	positive	everywhere
event175	Custom 175		disabled	FALSE	disabled	always_record	positive	everywhere
event176	Custom 176		disabled	FALSE	disabled	always_record	positive	everywhere
event177	Custom 177		disabled	FALSE	disabled	always_record	positive	everywhere
event178	Custom 178		disabled	FALSE	disabled	always_record	positive	everywhere
event179	Custom 179		disabled	FALSE	disabled	always_record	positive	everywhere
event180	Custom 180		disabled	FALSE	disabled	always_record	positive	everywhere
event181	Custom 181		disabled	FALSE	disabled	always_record	positive	everywhere
event182	Custom 182		disabled	FALSE	disabled	always_record	positive	everywhere
event183	Custom 183		disabled	FALSE	disabled	always_record	positive	everywhere
event184	Custom 184		disabled	FALSE	disabled	always_record	positive	everywhere
event185	Custom 185		disabled	FALSE	disabled	always_record	positive	everywhere
event186	Custom 186		disabled	FALSE	disabled	always_record	positive	everywhere
event187	Custom 187		disabled	FALSE	disabled	always_record	positive	everywhere
event188	Custom 188		disabled	FALSE	disabled	always_record	positive	everywhere
event189	Custom 189		disabled	FALSE	disabled	always_record	positive	everywhere
event190	Custom 190		disabled	FALSE	disabled	always_record	positive	everywhere
event191	Custom 191		disabled	FALSE	disabled	always_record	positive	everywhere
event192	Custom 192		disabled	FALSE	disabled	always_record	positive	everywhere
event193	Custom 193		disabled	FALSE	disabled	always_record	positive	everywhere
event194	Custom 194		disabled	FALSE	disabled	always_record	positive	everywhere
event195	Custom 195		disabled	FALSE	disabled	always_record	positive	everywhere
event196	Custom 196		disabled	FALSE	disabled	always_record	positive	everywhere
event197	Custom 197		disabled	FALSE	disabled	always_record	positive	everywhere
event198	Custom 198		disabled	FALSE	disabled	always_record	positive	everywhere
event199	Custom 199		disabled	FALSE	disabled	always_record	positive	everywhere
event200	Custom 200		disabled	FALSE	disabled	always_record	positive	everywhere
event201	Custom 201		disabled	FALSE	disabled	always_record	positive	everywhere
event202	Custom 202		disabled	FALSE	disabled	always_record	positive	everywhere
event203	Custom 203		disabled	FALSE	disabled	always_record	positive	everywhere
event204	Custom 204		disabled	FALSE	disabled	always_record	positive	everywhere
event205	Custom 205		disabled	FALSE	disabled	always_record	positive	everywhere
event206	Custom 206		disabled	FALSE	disabled	always_record	positive	everywhere
event207	Custom 207		disabled	FALSE	disabled	always_record	positive	everywhere
event208	Custom 208		disabled	FALSE	disabled	always_record	positive	everywhere
event209	Custom 209		disabled	FALSE	disabled	always_record	positive	everywhere
event210	Custom 210		disabled	FALSE	disabled	always_record	positive	everywhere
event211	Custom 211		disabled	FALSE	disabled	always_record	positive	everywhere
event212	Custom 212		disabled	FALSE	disabled	always_record	positive	everywhere
event213	Custom 213		disabled	FALSE	disabled	always_record	positive	everywhere
event214	Custom 214		disabled	FALSE	disabled	always_record	positive	everywhere
event215	Custom 215		disabled	FALSE	disabled	always_record	positive	everywhere
event216	Custom 216		disabled	FALSE	disabled	always_record	positive	everywhere
event217	Custom 217		disabled	FALSE	disabled	always_record	positive	everywhere
event218	Custom 218		disabled	FALSE	disabled	always_record	positive	everywhere
event219	Custom 219		disabled	FALSE	disabled	always_record	positive	everywhere
event220	Custom 220		disabled	FALSE	disabled	always_record	positive	everywhere
event221	Custom 221		disabled	FALSE	disabled	always_record	positive	everywhere
event222	Custom 222		disabled	FALSE	disabled	always_record	positive	everywhere
event223	Custom 223		disabled	FALSE	disabled	always_record	positive	everywhere
event224	Custom 224		disabled	FALSE	disabled	always_record	positive	everywhere
event225	Custom 225		disabled	FALSE	disabled	always_record	positive	everywhere
event226	Custom 226		disabled	FALSE	disabled	always_record	positive	everywhere
event227	Custom 227		disabled	FALSE	disabled	always_record	positive	everywhere
event228	Custom 228		disabled	FALSE	disabled	always_record	positive	everywhere
event229	Custom 229		disabled	FALSE	disabled	always_record	positive	everywhere
event230	Custom 230		disabled	FALSE	disabled	always_record	positive	everywhere
event231	Custom 231		disabled	FALSE	disabled	always_record	positive	everywhere
event232	Custom 232		disabled	FALSE	disabled	always_record	positive	everywhere
event233	Custom 233		disabled	FALSE	disabled	always_record	positive	everywhere
event234	Custom 234		disabled	FALSE	disabled	always_record	positive	everywhere
event235	Custom 235		disabled	FALSE	disabled	always_record	positive	everywhere
event236	Custom 236		disabled	FALSE	disabled	always_record	positive	everywhere
event237	Custom 237		disabled	FALSE	disabled	always_record	positive	everywhere
event238	Custom 238		disabled	FALSE	disabled	always_record	positive	everywhere
event239	Custom 239		disabled	FALSE	disabled	always_record	positive	everywhere
event240	Custom 240		disabled	FALSE	disabled	always_record	positive	everywhere
event241	Custom 241		disabled	FALSE	disabled	always_record	positive	everywhere
event242	Custom 242		disabled	FALSE	disabled	always_record	positive	everywhere
event243	Custom 243		disabled	FALSE	disabled	always_record	positive	everywhere
event244	Custom 244		disabled	FALSE	disabled	always_record	positive	everywhere
event245	Custom 245		disabled	FALSE	disabled	always_record	positive	everywhere
event246	Custom 246		disabled	FALSE	disabled	always_record	positive	everywhere
event247	Custom 247		disabled	FALSE	disabled	always_record	positive	everywhere
event248	Custom 248		disabled	FALSE	disabled	always_record	positive	everywhere
event249	Custom 249		disabled	FALSE	disabled	always_record	positive	everywhere
event250	Custom 250		disabled	FALSE	disabled	always_record	positive	everywhere
event251	Custom 251		disabled	FALSE	disabled	always_record	positive	everywhere
event252	Custom 252		disabled	FALSE	disabled	always_record	positive	everywhere
event253	Custom 253		disabled	FALSE	disabled	always_record	positive	everywhere
event254	Custom 254		disabled	FALSE	disabled	always_record	positive	everywhere
event255	Custom 255		disabled	FALSE	disabled	always_record	positive	everywhere
event256	Custom 256		disabled	FALSE	disabled	always_record	positive	everywhere
event257	Custom 257		disabled	FALSE	disabled	always_record	positive	everywhere
event258	Custom 258		disabled	FALSE	disabled	always_record	positive	everywhere
event259	Custom 259		disabled	FALSE	disabled	always_record	positive	everywhere
event260	Custom 260		disabled	FALSE	disabled	always_record	positive	everywhere
event261	Custom 261		disabled	FALSE	disabled	always_record	positive	everywhere
event262	Custom 262		disabled	FALSE	disabled	always_record	positive	everywhere
event263	Custom 263		disabled	FALSE	disabled	always_record	positive	everywhere
event264	Custom 264		disabled	FALSE	disabled	always_record	positive	everywhere
event265	Custom 265		disabled	FALSE	disabled	always_record	positive	everywhere
event266	Custom 266		disabled	FALSE	disabled	always_record	positive	everywhere
event267	Custom 267		disabled	FALSE	disabled	always_record	positive	everywhere
event268	Custom 268		disabled	FALSE	disabled	always_record	positive	everywhere
event269	Custom 269		disabled	FALSE	disabled	always_record	positive	everywhere
event270	Custom 270		disabled	FALSE	disabled	always_record	positive	everywhere
event271	Custom 271		disabled	FALSE	disabled	always_record	positive	everywhere
event272	Custom 272		disabled	FALSE	disabled	always_record	positive	everywhere
event273	Custom 273		disabled	FALSE	disabled	always_record	positive	everywhere
event274	Custom 274		disabled	FALSE	disabled	always_record	positive	everywhere
event275	Custom 275		disabled	FALSE	disabled	always_record	positive	everywhere
event276	Custom 276		disabled	FALSE	disabled	always_record	positive	everywhere
event277	Custom 277		disabled	FALSE	disabled	always_record	positive	everywhere
event278	Custom 278		disabled	FALSE	disabled	always_record	positive	everywhere
event279	Custom 279		disabled	FALSE	disabled	always_record	positive	everywhere
event280	Custom 280		disabled	FALSE	disabled	always_record	positive	everywhere
event281	Custom 281		disabled	FALSE	disabled	always_record	positive	everywhere
event282	Custom 282		disabled	FALSE	disabled	always_record	positive	everywhere
event283	Custom 283		disabled	FALSE	disabled	always_record	positive	everywhere
event284	Custom 284		disabled	FALSE	disabled	always_record	positive	everywhere
event285	Custom 285		disabled	FALSE	disabled	always_record	positive	everywhere
event286	Custom 286		disabled	FALSE	disabled	always_record	positive	everywhere
event287	Custom 287		disabled	FALSE	disabled	always_record	positive	everywhere
event288	Custom 288		disabled	FALSE	disabled	always_record	positive	everywhere
event289	Custom 289		disabled	FALSE	disabled	always_record	positive	everywhere
event290	Custom 290		disabled	FALSE	disabled	always_record	positive	everywhere
event291	Custom 291		disabled	FALSE	disabled	always_record	positive	everywhere
event292	Custom 292		disabled	FALSE	disabled	always_record	positive	everywhere
event293	Custom 293		disabled	FALSE	disabled	always_record	positive	everywhere
event294	Custom 294		disabled	FALSE	disabled	always_record	positive	everywhere
event295	Custom 295		disabled	FALSE	disabled	always_record	positive	everywhere
event296	Custom 296		disabled	FALSE	disabled	always_record	positive	everywhere
event297	Custom 297		disabled	FALSE	disabled	always_record	positive	everywhere
event298	Custom 298		disabled	FALSE	disabled	always_record	positive	everywhere
event299	Custom 299		disabled	FALSE	disabled	always_record	positive	everywhere
event300	Custom 300		disabled	FALSE	disabled	always_record	positive	everywhere
event301	Custom 301		disabled	FALSE	disabled	always_record	positive	everywhere
event302	Custom 302		disabled	FALSE	disabled	always_record	positive	everywhere
event303	Custom 303		disabled	FALSE	disabled	always_record	positive	everywhere
event304	Custom 304		disabled	FALSE	disabled	always_record	positive	everywhere
event305	Custom 305		disabled	FALSE	disabled	always_record	positive	everywhere
event306	Custom 306		disabled	FALSE	disabled	always_record	positive	everywhere
event307	Custom 307		disabled	FALSE	disabled	always_record	positive	everywhere
event308	Custom 308		disabled	FALSE	disabled	always_record	positive	everywhere
event309	Custom 309		disabled	FALSE	disabled	always_record	positive	everywhere
event310	Custom 310		disabled	FALSE	disabled	always_record	positive	everywhere
event311	Custom 311		disabled	FALSE	disabled	always_record	positive	everywhere
event312	Custom 312		disabled	FALSE	disabled	always_record	positive	everywhere
event313	Custom 313		disabled	FALSE	disabled	always_record	positive	everywhere
event314	Custom 314		disabled	FALSE	disabled	always_record	positive	everywhere
event315	Custom 315		disabled	FALSE	disabled	always_record	positive	everywhere
event316	Custom 316		disabled	FALSE	disabled	always_record	positive	everywhere
event317	Custom 317		disabled	FALSE	disabled	always_record	positive	everywhere
event318	Custom 318		disabled	FALSE	disabled	always_record	positive	everywhere
event319	Custom 319		disabled	FALSE	disabled	always_record	positive	everywhere
event320	Custom 320		disabled	FALSE	disabled	always_record	positive	everywhere
event321	Custom 321		disabled	FALSE	disabled	always_record	positive	everywhere
event322	Custom 322		disabled	FALSE	disabled	always_record	positive	everywhere
event323	Custom 323		disabled	FALSE	disabled	always_record	positive	everywhere
event324	Custom 324		disabled	FALSE	disabled	always_record	positive	everywhere
event325	Custom 325		disabled	FALSE	disabled	always_record	positive	everywhere
event326	Custom 326		disabled	FALSE	disabled	always_record	positive	everywhere
event327	Custom 327		disabled	FALSE	disabled	always_record	positive	everywhere
event328	Custom 328		disabled	FALSE	disabled	always_record	positive	everywhere
event329	Custom 329		disabled	FALSE	disabled	always_record	positive	everywhere
event330	Custom 330		disabled	FALSE	disabled	always_record	positive	everywhere
event331	Custom 331		disabled	FALSE	disabled	always_record	positive	everywhere
event332	Custom 332		disabled	FALSE	disabled	always_record	positive	everywhere
event333	Custom 333		disabled	FALSE	disabled	always_record	positive	everywhere
event334	Custom 334		disabled	FALSE	disabled	always_record	positive	everywhere
event335	Custom 335		disabled	FALSE	disabled	always_record	positive	everywhere
event336	Custom 336		disabled	FALSE	disabled	always_record	positive	everywhere
event337	Custom 337		disabled	FALSE	disabled	always_record	positive	everywhere
event338	Custom 338		disabled	FALSE	disabled	always_record	positive	everywhere
event339	Custom 339		disabled	FALSE	disabled	always_record	positive	everywhere
event340	Custom 340		disabled	FALSE	disabled	always_record	positive	everywhere
event341	Custom 341		disabled	FALSE	disabled	always_record	positive	everywhere
event342	Custom 342		disabled	FALSE	disabled	always_record	positive	everywhere
event343	Custom 343		disabled	FALSE	disabled	always_record	positive	everywhere
event344	Custom 344		disabled	FALSE	disabled	always_record	positive	everywhere
event345	Custom 345		disabled	FALSE	disabled	always_record	positive	everywhere
event346	Custom 346		disabled	FALSE	disabled	always_record	positive	everywhere
event347	Custom 347		disabled	FALSE	disabled	always_record	positive	everywhere
event348	Custom 348		disabled	FALSE	disabled	always_record	positive	everywhere
event349	Custom 349		disabled	FALSE	disabled	always_record	positive	everywhere
event350	Custom 350		disabled	FALSE	disabled	always_record	positive	everywhere
event351	Custom 351		disabled	FALSE	disabled	always_record	positive	everywhere
event352	Custom 352		disabled	FALSE	disabled	always_record	positive	everywhere
event353	Custom 353		disabled	FALSE	disabled	always_record	positive	everywhere
event354	Custom 354		disabled	FALSE	disabled	always_record	positive	everywhere
event355	Custom 355		disabled	FALSE	disabled	always_record	positive	everywhere
event356	Custom 356		disabled	FALSE	disabled	always_record	positive	everywhere
event357	Custom 357		disabled	FALSE	disabled	always_record	positive	everywhere
event358	Custom 358		disabled	FALSE	disabled	always_record	positive	everywhere
event359	Custom 359		disabled	FALSE	disabled	always_record	positive	everywhere
event360	Custom 360		disabled	FALSE	disabled	always_record	positive	everywhere
event361	Custom 361		disabled	FALSE	disabled	always_record	positive	everywhere
event362	Custom 362		disabled	FALSE	disabled	always_record	positive	everywhere
event363	Custom 363		disabled	FALSE	disabled	always_record	positive	everywhere
event364	Custom 364		disabled	FALSE	disabled	always_record	positive	everywhere
event365	Custom 365		disabled	FALSE	disabled	always_record	positive	everywhere
event366	Custom 366		disabled	FALSE	disabled	always_record	positive	everywhere
event367	Custom 367		disabled	FALSE	disabled	always_record	positive	everywhere
event368	Custom 368		disabled	FALSE	disabled	always_record	positive	everywhere
event369	Custom 369		disabled	FALSE	disabled	always_record	positive	everywhere
event370	Custom 370		disabled	FALSE	disabled	always_record	positive	everywhere
event371	Custom 371		disabled	FALSE	disabled	always_record	positive	everywhere
event372	Custom 372		disabled	FALSE	disabled	always_record	positive	everywhere
event373	Custom 373		disabled	FALSE	disabled	always_record	positive	everywhere
event374	Custom 374		disabled	FALSE	disabled	always_record	positive	everywhere
event375	Custom 375		disabled	FALSE	disabled	always_record	positive	everywhere
event376	Custom 376		disabled	FALSE	disabled	always_record	positive	everywhere
event377	Custom 377		disabled	FALSE	disabled	always_record	positive	everywhere
event378	Custom 378		disabled	FALSE	disabled	always_record	positive	everywhere
event379	Custom 379		disabled	FALSE	disabled	always_record	positive	everywhere
event380	Custom 380		disabled	FALSE	disabled	always_record	positive	everywhere
event381	Custom 381		disabled	FALSE	disabled	always_record	positive	everywhere
event382	Custom 382		disabled	FALSE	disabled	always_record	positive	everywhere
event383	Custom 383		disabled	FALSE	disabled	always_record	positive	everywhere
event384	Custom 384		disabled	FALSE	disabled	always_record	positive	everywhere
event385	Custom 385		disabled	FALSE	disabled	always_record	positive	everywhere
event386	Custom 386		disabled	FALSE	disabled	always_record	positive	everywhere
event387	Custom 387		disabled	FALSE	disabled	always_record	positive	everywhere
event388	Custom 388		disabled	FALSE	disabled	always_record	positive	everywhere
event389	Custom 389		disabled	FALSE	disabled	always_record	positive	everywhere
event390	Custom 390		disabled	FALSE	disabled	always_record	positive	everywhere
event391	Custom 391		disabled	FALSE	disabled	always_record	positive	everywhere
event392	Custom 392		disabled	FALSE	disabled	always_record	positive	everywhere
event393	Custom 393		disabled	FALSE	disabled	always_record	positive	everywhere
event394	Custom 394		disabled	FALSE	disabled	always_record	positive	everywhere
event395	Custom 395		disabled	FALSE	disabled	always_record	positive	everywhere
event396	Custom 396		disabled	FALSE	disabled	always_record	positive	everywhere
event397	Custom 397		disabled	FALSE	disabled	always_record	positive	everywhere
event398	Custom 398		disabled	FALSE	disabled	always_record	positive	everywhere
event399	Custom 399		disabled	FALSE	disabled	always_record	positive	everywhere
event400	Custom 400		disabled	FALSE	disabled	always_record	positive	everywhere
event401	Custom 401		disabled	FALSE	disabled	always_record	positive	everywhere
event402	Custom 402		disabled	FALSE	disabled	always_record	positive	everywhere
event403	Custom 403		disabled	FALSE	disabled	always_record	positive	everywhere
event404	Custom 404		disabled	FALSE	disabled	always_record	positive	everywhere
event405	Custom 405		disabled	FALSE	disabled	always_record	positive	everywhere
event406	Custom 406		disabled	FALSE	disabled	always_record	positive	everywhere
event407	Custom 407		disabled	FALSE	disabled	always_record	positive	everywhere
event408	Custom 408		disabled	FALSE	disabled	always_record	positive	everywhere
event409	Custom 409		disabled	FALSE	disabled	always_record	positive	everywhere
event410	Custom 410		disabled	FALSE	disabled	always_record	positive	everywhere
event411	Custom 411		disabled	FALSE	disabled	always_record	positive	everywhere
event412	Custom 412		disabled	FALSE	disabled	always_record	positive	everywhere
event413	Custom 413		disabled	FALSE	disabled	always_record	positive	everywhere
event414	Custom 414		disabled	FALSE	disabled	always_record	positive	everywhere
event415	Custom 415		disabled	FALSE	disabled	always_record	positive	everywhere
event416	Custom 416		disabled	FALSE	disabled	always_record	positive	everywhere
event417	Custom 417		disabled	FALSE	disabled	always_record	positive	everywhere
event418	Custom 418		disabled	FALSE	disabled	always_record	positive	everywhere
event419	Custom 419		disabled	FALSE	disabled	always_record	positive	everywhere
event420	Custom 420		disabled	FALSE	disabled	always_record	positive	everywhere
event421	Custom 421		disabled	FALSE	disabled	always_record	positive	everywhere
event422	Custom 422		disabled	FALSE	disabled	always_record	positive	everywhere
event423	Custom 423		disabled	FALSE	disabled	always_record	positive	everywhere
event424	Custom 424		disabled	FALSE	disabled	always_record	positive	everywhere
event425	Custom 425		disabled	FALSE	disabled	always_record	positive	everywhere
event426	Custom 426		disabled	FALSE	disabled	always_record	positive	everywhere
event427	Custom 427		disabled	FALSE	disabled	always_record	positive	everywhere
event428	Custom 428		disabled	FALSE	disabled	always_record	positive	everywhere
event429	Custom 429		disabled	FALSE	disabled	always_record	positive	everywhere
event430	Custom 430		disabled	FALSE	disabled	always_record	positive	everywhere
event431	Custom 431		disabled	FALSE	disabled	always_record	positive	everywhere
event432	Custom 432		disabled	FALSE	disabled	always_record	positive	everywhere
event433	Custom 433		disabled	FALSE	disabled	always_record	positive	everywhere
event434	Custom 434		disabled	FALSE	disabled	always_record	positive	everywhere
event435	Custom 435		disabled	FALSE	disabled	always_record	positive	everywhere
event436	Custom 436		disabled	FALSE	disabled	always_record	positive	everywhere
event437	Custom 437		disabled	FALSE	disabled	always_record	positive	everywhere
event438	Custom 438		disabled	FALSE	disabled	always_record	positive	everywhere
event439	Custom 439		disabled	FALSE	disabled	always_record	positive	everywhere
event440	Custom 440		disabled	FALSE	disabled	always_record	positive	everywhere
event441	Custom 441		disabled	FALSE	disabled	always_record	positive	everywhere
event442	Custom 442		disabled	FALSE	disabled	always_record	positive	everywhere
event443	Custom 443		disabled	FALSE	disabled	always_record	positive	everywhere
event444	Custom 444		disabled	FALSE	disabled	always_record	positive	everywhere
event445	Custom 445		disabled	FALSE	disabled	always_record	positive	everywhere
event446	Custom 446		disabled	FALSE	disabled	always_record	positive	everywhere
event447	Custom 447		disabled	FALSE	disabled	always_record	positive	everywhere
event448	Custom 448		disabled	FALSE	disabled	always_record	positive	everywhere
event449	Custom 449		disabled	FALSE	disabled	always_record	positive	everywhere
event450	Custom 450		disabled	FALSE	disabled	always_record	positive	everywhere
event451	Custom 451		disabled	FALSE	disabled	always_record	positive	everywhere
event452	Custom 452		disabled	FALSE	disabled	always_record	positive	everywhere
event453	Custom 453		disabled	FALSE	disabled	always_record	positive	everywhere
event454	Custom 454		disabled	FALSE	disabled	always_record	positive	everywhere
event455	Custom 455		disabled	FALSE	disabled	always_record	positive	everywhere
event456	Custom 456		disabled	FALSE	disabled	always_record	positive	everywhere
event457	Custom 457		disabled	FALSE	disabled	always_record	positive	everywhere
event458	Custom 458		disabled	FALSE	disabled	always_record	positive	everywhere
event459	Custom 459		disabled	FALSE	disabled	always_record	positive	everywhere
event460	Custom 460		disabled	FALSE	disabled	always_record	positive	everywhere
event461	Custom 461		disabled	FALSE	disabled	always_record	positive	everywhere
event462	Custom 462		disabled	FALSE	disabled	always_record	positive	everywhere
event463	Custom 463		disabled	FALSE	disabled	always_record	positive	everywhere
event464	Custom 464		disabled	FALSE	disabled	always_record	positive	everywhere
event465	Custom 465		disabled	FALSE	disabled	always_record	positive	everywhere
event466	Custom 466		disabled	FALSE	disabled	always_record	positive	everywhere
event467	Custom 467		disabled	FALSE	disabled	always_record	positive	everywhere
event468	Custom 468		disabled	FALSE	disabled	always_record	positive	everywhere
event469	Custom 469		disabled	FALSE	disabled	always_record	positive	everywhere
event470	Custom 470		disabled	FALSE	disabled	always_record	positive	everywhere
event471	Custom 471		disabled	FALSE	disabled	always_record	positive	everywhere
event472	Custom 472		disabled	FALSE	disabled	always_record	positive	everywhere
event473	Custom 473		disabled	FALSE	disabled	always_record	positive	everywhere
event474	Custom 474		disabled	FALSE	disabled	always_record	positive	everywhere
event475	Custom 475		disabled	FALSE	disabled	always_record	positive	everywhere
event476	Custom 476		disabled	FALSE	disabled	always_record	positive	everywhere
event477	Custom 477		disabled	FALSE	disabled	always_record	positive	everywhere
event478	Custom 478		disabled	FALSE	disabled	always_record	positive	everywhere
event479	Custom 479		disabled	FALSE	disabled	always_record	positive	everywhere
event480	Custom 480		disabled	FALSE	disabled	always_record	positive	everywhere
event481	Custom 481		disabled	FALSE	disabled	always_record	positive	everywhere
event482	Custom 482		disabled	FALSE	disabled	always_record	positive	everywhere
event483	Custom 483		disabled	FALSE	disabled	always_record	positive	everywhere
event484	Custom 484		disabled	FALSE	disabled	always_record	positive	everywhere
event485	Custom 485		disabled	FALSE	disabled	always_record	positive	everywhere
event486	Custom 486		disabled	FALSE	disabled	always_record	positive	everywhere
event487	Custom 487		disabled	FALSE	disabled	always_record	positive	everywhere
event488	Custom 488		disabled	FALSE	disabled	always_record	positive	everywhere
event489	Custom 489		disabled	FALSE	disabled	always_record	positive	everywhere
event490	Custom 490		disabled	FALSE	disabled	always_record	positive	everywhere
event491	Custom 491		disabled	FALSE	disabled	always_record	positive	everywhere
event492	Custom 492		disabled	FALSE	disabled	always_record	positive	everywhere
event493	Custom 493		disabled	FALSE	disabled	always_record	positive	everywhere
event494	Custom 494		disabled	FALSE	disabled	always_record	positive	everywhere
event495	Custom 495		disabled	FALSE	disabled	always_record	positive	everywhere
event496	Custom 496		disabled	FALSE	disabled	always_record	positive	everywhere
event497	Custom 497		disabled	FALSE	disabled	always_record	positive	everywhere
event498	Custom 498		disabled	FALSE	disabled	always_record	positive	everywhere
event499	Custom 499		disabled	FALSE	disabled	always_record	positive	everywhere
event500	Custom 500		disabled	FALSE	disabled	always_record	positive	everywhere
event501	Custom 501		disabled	FALSE	disabled	always_record	positive	everywhere
event502	Custom 502		disabled	FALSE	disabled	always_record	positive	everywhere
event503	Custom 503		disabled	FALSE	disabled	always_record	positive	everywhere
event504	Custom 504		disabled	FALSE	disabled	always_record	positive	everywhere
event505	Custom 505		disabled	FALSE	disabled	always_record	positive	everywhere
event506	Custom 506		disabled	FALSE	disabled	always_record	positive	everywhere
event507	Custom 507		disabled	FALSE	disabled	always_record	positive	everywhere
event508	Custom 508		disabled	FALSE	disabled	always_record	positive	everywhere
event509	Custom 509		disabled	FALSE	disabled	always_record	positive	everywhere
event510	Custom 510		disabled	FALSE	disabled	always_record	positive	everywhere
event511	Custom 511		disabled	FALSE	disabled	always_record	positive	everywhere
event512	Custom 512		disabled	FALSE	disabled	always_record	positive	everywhere
event513	Custom 513		disabled	FALSE	disabled	always_record	positive	everywhere
event514	Custom 514		disabled	FALSE	disabled	always_record	positive	everywhere
event515	Custom 515		disabled	FALSE	disabled	always_record	positive	everywhere
event516	Custom 516		disabled	FALSE	disabled	always_record	positive	everywhere
event517	Custom 517		disabled	FALSE	disabled	always_record	positive	everywhere
event518	Custom 518		disabled	FALSE	disabled	always_record	positive	everywhere
event519	Custom 519		disabled	FALSE	disabled	always_record	positive	everywhere
event520	Custom 520		disabled	FALSE	disabled	always_record	positive	everywhere
event521	Custom 521		disabled	FALSE	disabled	always_record	positive	everywhere
event522	Custom 522		disabled	FALSE	disabled	always_record	positive	everywhere
event523	Custom 523		disabled	FALSE	disabled	always_record	positive	everywhere
event524	Custom 524		disabled	FALSE	disabled	always_record	positive	everywhere
event525	Custom 525		disabled	FALSE	disabled	always_record	positive	everywhere
event526	Custom 526		disabled	FALSE	disabled	always_record	positive	everywhere
event527	Custom 527		disabled	FALSE	disabled	always_record	positive	everywhere
event528	Custom 528		disabled	FALSE	disabled	always_record	positive	everywhere
event529	Custom 529		disabled	FALSE	disabled	always_record	positive	everywhere
event530	Custom 530		disabled	FALSE	disabled	always_record	positive	everywhere
event531	Custom 531		disabled	FALSE	disabled	always_record	positive	everywhere
event532	Custom 532		disabled	FALSE	disabled	always_record	positive	everywhere
event533	Custom 533		disabled	FALSE	disabled	always_record	positive	everywhere
event534	Custom 534		disabled	FALSE	disabled	always_record	positive	everywhere
event535	Custom 535		disabled	FALSE	disabled	always_record	positive	everywhere
event536	Custom 536		disabled	FALSE	disabled	always_record	positive	everywhere
event537	Custom 537		disabled	FALSE	disabled	always_record	positive	everywhere
event538	Custom 538		disabled	FALSE	disabled	always_record	positive	everywhere
event539	Custom 539		disabled	FALSE	disabled	always_record	positive	everywhere
event540	Custom 540		disabled	FALSE	disabled	always_record	positive	everywhere
event541	Custom 541		disabled	FALSE	disabled	always_record	positive	everywhere
event542	Custom 542		disabled	FALSE	disabled	always_record	positive	everywhere
event543	Custom 543		disabled	FALSE	disabled	always_record	positive	everywhere
event544	Custom 544		disabled	FALSE	disabled	always_record	positive	everywhere
event545	Custom 545		disabled	FALSE	disabled	always_record	positive	everywhere
event546	Custom 546		disabled	FALSE	disabled	always_record	positive	everywhere
event547	Custom 547		disabled	FALSE	disabled	always_record	positive	everywhere
event548	Custom 548		disabled	FALSE	disabled	always_record	positive	everywhere
event549	Custom 549		disabled	FALSE	disabled	always_record	positive	everywhere
event550	Custom 550		disabled	FALSE	disabled	always_record	positive	everywhere
event551	Custom 551		disabled	FALSE	disabled	always_record	positive	everywhere
event552	Custom 552		disabled	FALSE	disabled	always_record	positive	everywhere
event553	Custom 553		disabled	FALSE	disabled	always_record	positive	everywhere
event554	Custom 554		disabled	FALSE	disabled	always_record	positive	everywhere
event555	Custom 555		disabled	FALSE	disabled	always_record	positive	everywhere
event556	Custom 556		disabled	FALSE	disabled	always_record	positive	everywhere
event557	Custom 557		disabled	FALSE	disabled	always_record	positive	everywhere
event558	Custom 558		disabled	FALSE	disabled	always_record	positive	everywhere
event559	Custom 559		disabled	FALSE	disabled	always_record	positive	everywhere
event560	Custom 560		disabled	FALSE	disabled	always_record	positive	everywhere
event561	Custom 561		disabled	FALSE	disabled	always_record	positive	everywhere
event562	Custom 562		disabled	FALSE	disabled	always_record	positive	everywhere
event563	Custom 563		disabled	FALSE	disabled	always_record	positive	everywhere
event564	Custom 564		disabled	FALSE	disabled	always_record	positive	everywhere
event565	Custom 565		disabled	FALSE	disabled	always_record	positive	everywhere
event566	Custom 566		disabled	FALSE	disabled	always_record	positive	everywhere
event567	Custom 567		disabled	FALSE	disabled	always_record	positive	everywhere
event568	Custom 568		disabled	FALSE	disabled	always_record	positive	everywhere
event569	Custom 569		disabled	FALSE	disabled	always_record	positive	everywhere
event570	Custom 570		disabled	FALSE	disabled	always_record	positive	everywhere
event571	Custom 571		disabled	FALSE	disabled	always_record	positive	everywhere
event572	Custom 572		disabled	FALSE	disabled	always_record	positive	everywhere
event573	Custom 573		disabled	FALSE	disabled	always_record	positive	everywhere
event574	Custom 574		disabled	FALSE	disabled	always_record	positive	everywhere
event575	Custom 575		disabled	FALSE	disabled	always_record	positive	everywhere
event576	Custom 576		disabled	FALSE	disabled	always_record	positive	everywhere
event577	Custom 577		disabled	FALSE	disabled	always_record	positive	everywhere
event578	Custom 578		disabled	FALSE	disabled	always_record	positive	everywhere
event579	Custom 579		disabled	FALSE	disabled	always_record	positive	everywhere
event580	Custom 580		disabled	FALSE	disabled	always_record	positive	everywhere
event581	Custom 581		disabled	FALSE	disabled	always_record	positive	everywhere
event582	Custom 582		disabled	FALSE	disabled	always_record	positive	everywhere
event583	Custom 583		disabled	FALSE	disabled	always_record	positive	everywhere
event584	Custom 584		disabled	FALSE	disabled	always_record	positive	everywhere
event585	Custom 585		disabled	FALSE	disabled	always_record	positive	everywhere
event586	Custom 586		disabled	FALSE	disabled	always_record	positive	everywhere
event587	Custom 587		disabled	FALSE	disabled	always_record	positive	everywhere
event588	Custom 588		disabled	FALSE	disabled	always_record	positive	everywhere
event589	Custom 589		disabled	FALSE	disabled	always_record	positive	everywhere
event590	Custom 590		disabled	FALSE	disabled	always_record	positive	everywhere
event591	Custom 591		disabled	FALSE	disabled	always_record	positive	everywhere
event592	Custom 592		disabled	FALSE	disabled	always_record	positive	everywhere
event593	Custom 593		disabled	FALSE	disabled	always_record	positive	everywhere
event594	Custom 594		disabled	FALSE	disabled	always_record	positive	everywhere
event595	Custom 595		disabled	FALSE	disabled	always_record	positive	everywhere
event596	Custom 596		disabled	FALSE	disabled	always_record	positive	everywhere
event597	Custom 597		disabled	FALSE	disabled	always_record	positive	everywhere
event598	Custom 598		disabled	FALSE	disabled	always_record	positive	everywhere
event599	Custom 599		disabled	FALSE	disabled	always_record	positive	everywhere
event600	Custom 600		disabled	FALSE	disabled	always_record	positive	everywhere
event601	Custom 601		disabled	FALSE	disabled	always_record	positive	everywhere
event602	Custom 602		disabled	FALSE	disabled	always_record	positive	everywhere
event603	Custom 603		disabled	FALSE	disabled	always_record	positive	everywhere
event604	Custom 604		disabled	FALSE	disabled	always_record	positive	everywhere
event605	Custom 605		disabled	FALSE	disabled	always_record	positive	everywhere
event606	Custom 606		disabled	FALSE	disabled	always_record	positive	everywhere
event607	Custom 607		disabled	FALSE	disabled	always_record	positive	everywhere
event608	Custom 608		disabled	FALSE	disabled	always_record	positive	everywhere
event609	Custom 609		disabled	FALSE	disabled	always_record	positive	everywhere
event610	Custom 610		disabled	FALSE	disabled	always_record	positive	everywhere
event611	Custom 611		disabled	FALSE	disabled	always_record	positive	everywhere
event612	Custom 612		disabled	FALSE	disabled	always_record	positive	everywhere
event613	Custom 613		disabled	FALSE	disabled	always_record	positive	everywhere
event614	Custom 614		disabled	FALSE	disabled	always_record	positive	everywhere
event615	Custom 615		disabled	FALSE	disabled	always_record	positive	everywhere
event616	Custom 616		disabled	FALSE	disabled	always_record	positive	everywhere
event617	Custom 617		disabled	FALSE	disabled	always_record	positive	everywhere
event618	Custom 618		disabled	FALSE	disabled	always_record	positive	everywhere
event619	Custom 619		disabled	FALSE	disabled	always_record	positive	everywhere
event620	Custom 620		disabled	FALSE	disabled	always_record	positive	everywhere
event621	Custom 621		disabled	FALSE	disabled	always_record	positive	everywhere
event622	Custom 622		disabled	FALSE	disabled	always_record	positive	everywhere
event623	Custom 623		disabled	FALSE	disabled	always_record	positive	everywhere
event624	Custom 624		disabled	FALSE	disabled	always_record	positive	everywhere
event625	Custom 625		disabled	FALSE	disabled	always_record	positive	everywhere
event626	Custom 626		disabled	FALSE	disabled	always_record	positive	everywhere
event627	Custom 627		disabled	FALSE	disabled	always_record	positive	everywhere
event628	Custom 628		disabled	FALSE	disabled	always_record	positive	everywhere
event629	Custom 629		disabled	FALSE	disabled	always_record	positive	everywhere
event630	Custom 630		disabled	FALSE	disabled	always_record	positive	everywhere
event631	Custom 631		disabled	FALSE	disabled	always_record	positive	everywhere
event632	Custom 632		disabled	FALSE	disabled	always_record	positive	everywhere
event633	Custom 633		disabled	FALSE	disabled	always_record	positive	everywhere
event634	Custom 634		disabled	FALSE	disabled	always_record	positive	everywhere
event635	Custom 635		disabled	FALSE	disabled	always_record	positive	everywhere
event636	Custom 636		disabled	FALSE	disabled	always_record	positive	everywhere
event637	Custom 637		disabled	FALSE	disabled	always_record	positive	everywhere
event638	Custom 638		disabled	FALSE	disabled	always_record	positive	everywhere
event639	Custom 639		disabled	FALSE	disabled	always_record	positive	everywhere
event640	Custom 640		disabled	FALSE	disabled	always_record	positive	everywhere
event641	Custom 641		disabled	FALSE	disabled	always_record	positive	everywhere
event642	Custom 642		disabled	FALSE	disabled	always_record	positive	everywhere
event643	Custom 643		disabled	FALSE	disabled	always_record	positive	everywhere
event644	Custom 644		disabled	FALSE	disabled	always_record	positive	everywhere
event645	Custom 645		disabled	FALSE	disabled	always_record	positive	everywhere
event646	Custom 646		disabled	FALSE	disabled	always_record	positive	everywhere
event647	Custom 647		disabled	FALSE	disabled	always_record	positive	everywhere
event648	Custom 648		disabled	FALSE	disabled	always_record	positive	everywhere
event649	Custom 649		disabled	FALSE	disabled	always_record	positive	everywhere
event650	Custom 650		disabled	FALSE	disabled	always_record	positive	everywhere
event651	Custom 651		disabled	FALSE	disabled	always_record	positive	everywhere
event652	Custom 652		disabled	FALSE	disabled	always_record	positive	everywhere
event653	Custom 653		disabled	FALSE	disabled	always_record	positive	everywhere
event654	Custom 654		disabled	FALSE	disabled	always_record	positive	everywhere
event655	Custom 655		disabled	FALSE	disabled	always_record	positive	everywhere
event656	Custom 656		disabled	FALSE	disabled	always_record	positive	everywhere
event657	Custom 657		disabled	FALSE	disabled	always_record	positive	everywhere
event658	Custom 658		disabled	FALSE	disabled	always_record	positive	everywhere
event659	Custom 659		disabled	FALSE	disabled	always_record	positive	everywhere
event660	Custom 660		disabled	FALSE	disabled	always_record	positive	everywhere
event661	Custom 661		disabled	FALSE	disabled	always_record	positive	everywhere
event662	Custom 662		disabled	FALSE	disabled	always_record	positive	everywhere
event663	Custom 663		disabled	FALSE	disabled	always_record	positive	everywhere
event664	Custom 664		disabled	FALSE	disabled	always_record	positive	everywhere
event665	Custom 665		disabled	FALSE	disabled	always_record	positive	everywhere
event666	Custom 666		disabled	FALSE	disabled	always_record	positive	everywhere
event667	Custom 667		disabled	FALSE	disabled	always_record	positive	everywhere
event668	Custom 668		disabled	FALSE	disabled	always_record	positive	everywhere
event669	Custom 669		disabled	FALSE	disabled	always_record	positive	everywhere
event670	Custom 670		disabled	FALSE	disabled	always_record	positive	everywhere
event671	Custom 671		disabled	FALSE	disabled	always_record	positive	everywhere
event672	Custom 672		disabled	FALSE	disabled	always_record	positive	everywhere
event673	Custom 673		disabled	FALSE	disabled	always_record	positive	everywhere
event674	Custom 674		disabled	FALSE	disabled	always_record	positive	everywhere
event675	Custom 675		disabled	FALSE	disabled	always_record	positive	everywhere
event676	Custom 676		disabled	FALSE	disabled	always_record	positive	everywhere
event677	Custom 677		disabled	FALSE	disabled	always_record	positive	everywhere
event678	Custom 678		disabled	FALSE	disabled	always_record	positive	everywhere
event679	Custom 679		disabled	FALSE	disabled	always_record	positive	everywhere
event680	Custom 680		disabled	FALSE	disabled	always_record	positive	everywhere
event681	Custom 681		disabled	FALSE	disabled	always_record	positive	everywhere
event682	Custom 682		disabled	FALSE	disabled	always_record	positive	everywhere
event683	Custom 683		disabled	FALSE	disabled	always_record	positive	everywhere
event684	Custom 684		disabled	FALSE	disabled	always_record	positive	everywhere
event685	Custom 685		disabled	FALSE	disabled	always_record	positive	everywhere
event686	Custom 686		disabled	FALSE	disabled	always_record	positive	everywhere
event687	Custom 687		disabled	FALSE	disabled	always_record	positive	everywhere
event688	Custom 688		disabled	FALSE	disabled	always_record	positive	everywhere
event689	Custom 689		disabled	FALSE	disabled	always_record	positive	everywhere
event690	Custom 690		disabled	FALSE	disabled	always_record	positive	everywhere
event691	Custom 691		disabled	FALSE	disabled	always_record	positive	everywhere
event692	Custom 692		disabled	FALSE	disabled	always_record	positive	everywhere
event693	Custom 693		disabled	FALSE	disabled	always_record	positive	everywhere
event694	Custom 694		disabled	FALSE	disabled	always_record	positive	everywhere
event695	Custom 695		disabled	FALSE	disabled	always_record	positive	everywhere
event696	Custom 696		disabled	FALSE	disabled	always_record	positive	everywhere
event697	Custom 697		disabled	FALSE	disabled	always_record	positive	everywhere
event698	Custom 698		disabled	FALSE	disabled	always_record	positive	everywhere
event699	Custom 699		disabled	FALSE	disabled	always_record	positive	everywhere
event700	Custom 700		disabled	FALSE	disabled	always_record	positive	everywhere
event701	Custom 701		disabled	FALSE	disabled	always_record	positive	everywhere
event702	Custom 702		disabled	FALSE	disabled	always_record	positive	everywhere
event703	Custom 703		disabled	FALSE	disabled	always_record	positive	everywhere
event704	Custom 704		disabled	FALSE	disabled	always_record	positive	everywhere
event705	Custom 705		disabled	FALSE	disabled	always_record	positive	everywhere
event706	Custom 706		disabled	FALSE	disabled	always_record	positive	everywhere
event707	Custom 707		disabled	FALSE	disabled	always_record	positive	everywhere
event708	Custom 708		disabled	FALSE	disabled	always_record	positive	everywhere
event709	Custom 709		disabled	FALSE	disabled	always_record	positive	everywhere
event710	Custom 710		disabled	FALSE	disabled	always_record	positive	everywhere
event711	Custom 711		disabled	FALSE	disabled	always_record	positive	everywhere
event712	Custom 712		disabled	FALSE	disabled	always_record	positive	everywhere
event713	Custom 713		disabled	FALSE	disabled	always_record	positive	everywhere
event714	Custom 714		disabled	FALSE	disabled	always_record	positive	everywhere
event715	Custom 715		disabled	FALSE	disabled	always_record	positive	everywhere
event716	Custom 716		disabled	FALSE	disabled	always_record	positive	everywhere
event717	Custom 717		disabled	FALSE	disabled	always_record	positive	everywhere
event718	Custom 718		disabled	FALSE	disabled	always_record	positive	everywhere
event719	Custom 719		disabled	FALSE	disabled	always_record	positive	everywhere
event720	Custom 720		disabled	FALSE	disabled	always_record	positive	everywhere
event721	Custom 721		disabled	FALSE	disabled	always_record	positive	everywhere
event722	Custom 722		disabled	FALSE	disabled	always_record	positive	everywhere
event723	Custom 723		disabled	FALSE	disabled	always_record	positive	everywhere
event724	Custom 724		disabled	FALSE	disabled	always_record	positive	everywhere
event725	Custom 725		disabled	FALSE	disabled	always_record	positive	everywhere
event726	Custom 726		disabled	FALSE	disabled	always_record	positive	everywhere
event727	Custom 727		disabled	FALSE	disabled	always_record	positive	everywhere
event728	Custom 728		disabled	FALSE	disabled	always_record	positive	everywhere
event729	Custom 729		disabled	FALSE	disabled	always_record	positive	everywhere
event730	Custom 730		disabled	FALSE	disabled	always_record	positive	everywhere
event731	Custom 731		disabled	FALSE	disabled	always_record	positive	everywhere
event732	Custom 732		disabled	FALSE	disabled	always_record	positive	everywhere
event733	Custom 733		disabled	FALSE	disabled	always_record	positive	everywhere
event734	Custom 734		disabled	FALSE	disabled	always_record	positive	everywhere
event735	Custom 735		disabled	FALSE	disabled	always_record	positive	everywhere
event736	Custom 736		disabled	FALSE	disabled	always_record	positive	everywhere
event737	Custom 737		disabled	FALSE	disabled	always_record	positive	everywhere
event738	Custom 738		disabled	FALSE	disabled	always_record	positive	everywhere
event739	Custom 739		disabled	FALSE	disabled	always_record	positive	everywhere
event740	Custom 740		disabled	FALSE	disabled	always_record	positive	everywhere
event741	Custom 741		disabled	FALSE	disabled	always_record	positive	everywhere
event742	Custom 742		disabled	FALSE	disabled	always_record	positive	everywhere
event743	Custom 743		disabled	FALSE	disabled	always_record	positive	everywhere
event744	Custom 744		disabled	FALSE	disabled	always_record	positive	everywhere
event745	Custom 745		disabled	FALSE	disabled	always_record	positive	everywhere
event746	Custom 746		disabled	FALSE	disabled	always_record	positive	everywhere
event747	Custom 747		disabled	FALSE	disabled	always_record	positive	everywhere
event748	Custom 748		disabled	FALSE	disabled	always_record	positive	everywhere
event749	Custom 749		disabled	FALSE	disabled	always_record	positive	everywhere
event750	Custom 750		disabled	FALSE	disabled	always_record	positive	everywhere
event751	Custom 751		disabled	FALSE	disabled	always_record	positive	everywhere
event752	Custom 752		disabled	FALSE	disabled	always_record	positive	everywhere
event753	Custom 753		disabled	FALSE	disabled	always_record	positive	everywhere
event754	Custom 754		disabled	FALSE	disabled	always_record	positive	everywhere
event755	Custom 755		disabled	FALSE	disabled	always_record	positive	everywhere
event756	Custom 756		disabled	FALSE	disabled	always_record	positive	everywhere
event757	Custom 757		disabled	FALSE	disabled	always_record	positive	everywhere
event758	Custom 758		disabled	FALSE	disabled	always_record	positive	everywhere
event759	Custom 759		disabled	FALSE	disabled	always_record	positive	everywhere
event760	Custom 760		disabled	FALSE	disabled	always_record	positive	everywhere
event761	Custom 761		disabled	FALSE	disabled	always_record	positive	everywhere
event762	Custom 762		disabled	FALSE	disabled	always_record	positive	everywhere
event763	Custom 763		disabled	FALSE	disabled	always_record	positive	everywhere
event764	Custom 764		disabled	FALSE	disabled	always_record	positive	everywhere
event765	Custom 765		disabled	FALSE	disabled	always_record	positive	everywhere
event766	Custom 766		disabled	FALSE	disabled	always_record	positive	everywhere
event767	Custom 767		disabled	FALSE	disabled	always_record	positive	everywhere
event768	Custom 768		disabled	FALSE	disabled	always_record	positive	everywhere
event769	Custom 769		disabled	FALSE	disabled	always_record	positive	everywhere
event770	Custom 770		disabled	FALSE	disabled	always_record	positive	everywhere
event771	Custom 771		disabled	FALSE	disabled	always_record	positive	everywhere
event772	Custom 772		disabled	FALSE	disabled	always_record	positive	everywhere
event773	Custom 773		disabled	FALSE	disabled	always_record	positive	everywhere
event774	Custom 774		disabled	FALSE	disabled	always_record	positive	everywhere
event775	Custom 775		disabled	FALSE	disabled	always_record	positive	everywhere
event776	Custom 776		disabled	FALSE	disabled	always_record	positive	everywhere
event777	Custom 777		disabled	FALSE	disabled	always_record	positive	everywhere
event778	Custom 778		disabled	FALSE	disabled	always_record	positive	everywhere
event779	Custom 779		disabled	FALSE	disabled	always_record	positive	everywhere
event780	Custom 780		disabled	FALSE	disabled	always_record	positive	everywhere
event781	Custom 781		disabled	FALSE	disabled	always_record	positive	everywhere
event782	Custom 782		disabled	FALSE	disabled	always_record	positive	everywhere
event783	Custom 783		disabled	FALSE	disabled	always_record	positive	everywhere
event784	Custom 784		disabled	FALSE	disabled	always_record	positive	everywhere
event785	Custom 785		disabled	FALSE	disabled	always_record	positive	everywhere
event786	Custom 786		disabled	FALSE	disabled	always_record	positive	everywhere
event787	Custom 787		disabled	FALSE	disabled	always_record	positive	everywhere
event788	Custom 788		disabled	FALSE	disabled	always_record	positive	everywhere
event789	Custom 789		disabled	FALSE	disabled	always_record	positive	everywhere
event790	Custom 790		disabled	FALSE	disabled	always_record	positive	everywhere
event791	Custom 791		disabled	FALSE	disabled	always_record	positive	everywhere
event792	Custom 792		disabled	FALSE	disabled	always_record	positive	everywhere
event793	Custom 793		disabled	FALSE	disabled	always_record	positive	everywhere
event794	Custom 794		disabled	FALSE	disabled	always_record	positive	everywhere
event795	Custom 795		disabled	FALSE	disabled	always_record	positive	everywhere
event796	Custom 796		disabled	FALSE	disabled	always_record	positive	everywhere
event797	Custom 797		disabled	FALSE	disabled	always_record	positive	everywhere
event798	Custom 798		disabled	FALSE	disabled	always_record	positive	everywhere
event799	Custom 799		disabled	FALSE	disabled	always_record	positive	everywhere
event800	Custom 800		disabled	FALSE	disabled	always_record	positive	everywhere
event801	Custom 801		disabled	FALSE	disabled	always_record	positive	everywhere
event802	Custom 802		disabled	FALSE	disabled	always_record	positive	everywhere
event803	Custom 803		disabled	FALSE	disabled	always_record	positive	everywhere
event804	Custom 804		disabled	FALSE	disabled	always_record	positive	everywhere
event805	Custom 805		disabled	FALSE	disabled	always_record	positive	everywhere
event806	Custom 806		disabled	FALSE	disabled	always_record	positive	everywhere
event807	Custom 807		disabled	FALSE	disabled	always_record	positive	everywhere
event808	Custom 808		disabled	FALSE	disabled	always_record	positive	everywhere
event809	Custom 809		disabled	FALSE	disabled	always_record	positive	everywhere
event810	Custom 810		disabled	FALSE	disabled	always_record	positive	everywhere
event811	Custom 811		disabled	FALSE	disabled	always_record	positive	everywhere
event812	Custom 812		disabled	FALSE	disabled	always_record	positive	everywhere
event813	Custom 813		disabled	FALSE	disabled	always_record	positive	everywhere
event814	Custom 814		disabled	FALSE	disabled	always_record	positive	everywhere
event815	Custom 815		disabled	FALSE	disabled	always_record	positive	everywhere
event816	Custom 816		disabled	FALSE	disabled	always_record	positive	everywhere
event817	Custom 817		disabled	FALSE	disabled	always_record	positive	everywhere
event818	Custom 818		disabled	FALSE	disabled	always_record	positive	everywhere
event819	Custom 819		disabled	FALSE	disabled	always_record	positive	everywhere
event820	Custom 820		disabled	FALSE	disabled	always_record	positive	everywhere
event821	Custom 821		disabled	FALSE	disabled	always_record	positive	everywhere
event822	Custom 822		disabled	FALSE	disabled	always_record	positive	everywhere
event823	Custom 823		disabled	FALSE	disabled	always_record	positive	everywhere
event824	Custom 824		disabled	FALSE	disabled	always_record	positive	everywhere
event825	Custom 825		disabled	FALSE	disabled	always_record	positive	everywhere
event826	Custom 826		disabled	FALSE	disabled	always_record	positive	everywhere
event827	Custom 827		disabled	FALSE	disabled	always_record	positive	everywhere
event828	Custom 828		disabled	FALSE	disabled	always_record	positive	everywhere
event829	Custom 829		disabled	FALSE	disabled	always_record	positive	everywhere
event830	Custom 830		disabled	FALSE	disabled	always_record	positive	everywhere
event831	Custom 831		disabled	FALSE	disabled	always_record	positive	everywhere
event832	Custom 832		disabled	FALSE	disabled	always_record	positive	everywhere
event833	Custom 833		disabled	FALSE	disabled	always_record	positive	everywhere
event834	Custom 834		disabled	FALSE	disabled	always_record	positive	everywhere
event835	Custom 835		disabled	FALSE	disabled	always_record	positive	everywhere
event836	Custom 836		disabled	FALSE	disabled	always_record	positive	everywhere
event837	Custom 837		disabled	FALSE	disabled	always_record	positive	everywhere
event838	Custom 838		disabled	FALSE	disabled	always_record	positive	everywhere
event839	Custom 839		disabled	FALSE	disabled	always_record	positive	everywhere
event840	Custom 840		disabled	FALSE	disabled	always_record	positive	everywhere
event841	Custom 841		disabled	FALSE	disabled	always_record	positive	everywhere
event842	Custom 842		disabled	FALSE	disabled	always_record	positive	everywhere
event843	Custom 843		disabled	FALSE	disabled	always_record	positive	everywhere
event844	Custom 844		disabled	FALSE	disabled	always_record	positive	everywhere
event845	Custom 845		disabled	FALSE	disabled	always_record	positive	everywhere
event846	Custom 846		disabled	FALSE	disabled	always_record	positive	everywhere
event847	Custom 847		disabled	FALSE	disabled	always_record	positive	everywhere
event848	Custom 848		disabled	FALSE	disabled	always_record	positive	everywhere
event849	Custom 849		disabled	FALSE	disabled	always_record	positive	everywhere
event850	Custom 850		disabled	FALSE	disabled	always_record	positive	everywhere
event851	Custom 851		disabled	FALSE	disabled	always_record	positive	everywhere
event852	Custom 852		disabled	FALSE	disabled	always_record	positive	everywhere
event853	Custom 853		disabled	FALSE	disabled	always_record	positive	everywhere
event854	Custom 854		disabled	FALSE	disabled	always_record	positive	everywhere
event855	Custom 855		disabled	FALSE	disabled	always_record	positive	everywhere
event856	Custom 856		disabled	FALSE	disabled	always_record	positive	everywhere
event857	Custom 857		disabled	FALSE	disabled	always_record	positive	everywhere
event858	Custom 858		disabled	FALSE	disabled	always_record	positive	everywhere
event859	Custom 859		disabled	FALSE	disabled	always_record	positive	everywhere
event860	Custom 860		disabled	FALSE	disabled	always_record	positive	everywhere
event861	Custom 861		disabled	FALSE	disabled	always_record	positive	everywhere
event862	Custom 862		disabled	FALSE	disabled	always_record	positive	everywhere
event863	Custom 863		disabled	FALSE	disabled	always_record	positive	everywhere
event864	Custom 864		disabled	FALSE	disabled	always_record	positive	everywhere
event865	Custom 865		disabled	FALSE	disabled	always_record	positive	everywhere
event866	Custom 866		disabled	FALSE	disabled	always_record	positive	everywhere
event867	Custom 867		disabled	FALSE	disabled	always_record	positive	everywhere
event868	Custom 868		disabled	FALSE	disabled	always_record	positive	everywhere
event869	Custom 869		disabled	FALSE	disabled	always_record	positive	everywhere
event870	Custom 870		disabled	FALSE	disabled	always_record	positive	everywhere
event871	Custom 871		disabled	FALSE	disabled	always_record	positive	everywhere
event872	Custom 872		disabled	FALSE	disabled	always_record	positive	everywhere
event873	Custom 873		disabled	FALSE	disabled	always_record	positive	everywhere
event874	Custom 874		disabled	FALSE	disabled	always_record	positive	everywhere
event875	Custom 875		disabled	FALSE	disabled	always_record	positive	everywhere
event876	Custom 876		disabled	FALSE	disabled	always_record	positive	everywhere
event877	Custom 877		disabled	FALSE	disabled	always_record	positive	everywhere
event878	Custom 878		disabled	FALSE	disabled	always_record	positive	everywhere
event879	Custom 879		disabled	FALSE	disabled	always_record	positive	everywhere
event880	Custom 880		disabled	FALSE	disabled	always_record	positive	everywhere
event881	Custom 881		disabled	FALSE	disabled	always_record	positive	everywhere
event882	Custom 882		disabled	FALSE	disabled	always_record	positive	everywhere
event883	Custom 883		disabled	FALSE	disabled	always_record	positive	everywhere
event884	Custom 884		disabled	FALSE	disabled	always_record	positive	everywhere
event885	Custom 885		disabled	FALSE	disabled	always_record	positive	everywhere
event886	Custom 886		disabled	FALSE	disabled	always_record	positive	everywhere
event887	Custom 887		disabled	FALSE	disabled	always_record	positive	everywhere
event888	Custom 888		disabled	FALSE	disabled	always_record	positive	everywhere
event889	Custom 889		disabled	FALSE	disabled	always_record	positive	everywhere
event890	Custom 890		disabled	FALSE	disabled	always_record	positive	everywhere
event891	Custom 891		disabled	FALSE	disabled	always_record	positive	everywhere
event892	Custom 892		disabled	FALSE	disabled	always_record	positive	everywhere
event893	Custom 893		disabled	FALSE	disabled	always_record	positive	everywhere
event894	Custom 894		disabled	FALSE	disabled	always_record	positive	everywhere
event895	Custom 895		disabled	FALSE	disabled	always_record	positive	everywhere
event896	Custom 896		disabled	FALSE	disabled	always_record	positive	everywhere
event897	Custom 897		disabled	FALSE	disabled	always_record	positive	everywhere
event898	Custom 898		disabled	FALSE	disabled	always_record	positive	everywhere
event899	Custom 899		disabled	FALSE	disabled	always_record	positive	everywhere
event900	Custom 900		disabled	FALSE	disabled	always_record	positive	everywhere
event901	DFA Clicks (E901)	Tracks the number of times users clicked a specific DFA banner ad. (Automatically populated through a data feed by DFA Data Connector integration, event name cannot be altered.)	numeric	FALSE	disabled	always_record	positive	everywhere
event902	DFA Impressions (E902)	Tracks the number of time a specific DFA ad was served.. (Automatically populated through a data feed by DFA Data Connector integration, event name cannot be altered.)	numeric	FALSE	disabled	always_record	positive	everywhere
event903	DFA Media Cost (E903)	Contains the media cost metrics that have been input in the DFA interface.	currency	FALSE	disabled	always_record	negative	everywhere
event904	DFA View-Through Event (E904)		counter	FALSE	disabled	always_record	positive	everywhere
event905	AudienceStream Returning Visitor (e905)		disabled	FALSE	disabled	always_record	positive	everywhere
event906	Custom 906		disabled	FALSE	disabled	always_record	positive	everywhere
event907	Custom 907		disabled	FALSE	disabled	always_record	positive	everywhere
event908	Custom 908		disabled	FALSE	disabled	always_record	positive	everywhere
event909	Custom 909		disabled	FALSE	disabled	always_record	positive	everywhere
event910	Custom 910		disabled	FALSE	disabled	always_record	positive	everywhere
event911	Custom 911		disabled	FALSE	disabled	always_record	positive	everywhere
event912	Custom 912		disabled	FALSE	disabled	always_record	positive	everywhere
event913	Custom 913		disabled	FALSE	disabled	always_record	positive	everywhere
event914	Custom 914		disabled	FALSE	disabled	always_record	positive	everywhere
event915	Custom 915		disabled	FALSE	disabled	always_record	positive	everywhere
event916	Custom 916		disabled	FALSE	disabled	always_record	positive	everywhere
event917	Custom 917		disabled	FALSE	disabled	always_record	positive	everywhere
event918	Custom 918		disabled	FALSE	disabled	always_record	positive	everywhere
event919	Custom 919		disabled	FALSE	disabled	always_record	positive	everywhere
event920	Custom 920		disabled	FALSE	disabled	always_record	positive	everywhere
event921	Custom 921		disabled	FALSE	disabled	always_record	positive	everywhere
event922	Custom 922		disabled	FALSE	disabled	always_record	positive	everywhere
event923	Custom 923		disabled	FALSE	disabled	always_record	positive	everywhere
event924	Custom 924		disabled	FALSE	disabled	always_record	positive	everywhere
event925	Custom 925		disabled	FALSE	disabled	always_record	positive	everywhere
event926	Custom 926		disabled	FALSE	disabled	always_record	positive	everywhere
event927	Custom 927		disabled	FALSE	disabled	always_record	positive	everywhere
event928	Custom 928		disabled	FALSE	disabled	always_record	positive	everywhere
event929	Custom 929		disabled	FALSE	disabled	always_record	positive	everywhere
event930	Custom 930		disabled	FALSE	disabled	always_record	positive	everywhere
event931	Custom 931		disabled	FALSE	disabled	always_record	positive	everywhere
event932	Custom 932		disabled	FALSE	disabled	always_record	positive	everywhere
event933	Custom 933		disabled	FALSE	disabled	always_record	positive	everywhere
event934	Custom 934		disabled	FALSE	disabled	always_record	positive	everywhere
event935	Custom 935		disabled	FALSE	disabled	always_record	positive	everywhere
event936	Custom 936		disabled	FALSE	disabled	always_record	positive	everywhere
event937	Custom 937		disabled	FALSE	disabled	always_record	positive	everywhere
event938	Custom 938		disabled	FALSE	disabled	always_record	positive	everywhere
event939	Custom 939		disabled	FALSE	disabled	always_record	positive	everywhere
event940	Custom 940		disabled	FALSE	disabled	always_record	positive	everywhere
event941	Custom 941		disabled	FALSE	disabled	always_record	positive	everywhere
event942	Custom 942		disabled	FALSE	disabled	always_record	positive	everywhere
event943	Custom 943		disabled	FALSE	disabled	always_record	positive	everywhere
event944	Custom 944		disabled	FALSE	disabled	always_record	positive	everywhere
event945	Custom 945		disabled	FALSE	disabled	always_record	positive	everywhere
event946	Custom 946		disabled	FALSE	disabled	always_record	positive	everywhere
event947	Custom 947		disabled	FALSE	disabled	always_record	positive	everywhere
event948	Custom 948		disabled	FALSE	disabled	always_record	positive	everywhere
event949	Custom 949		disabled	FALSE	disabled	always_record	positive	everywhere
event950	Custom 950		disabled	FALSE	disabled	always_record	positive	everywhere
event951	Custom 951		disabled	FALSE	disabled	always_record	positive	everywhere
event952	Custom 952		disabled	FALSE	disabled	always_record	positive	everywhere
event953	Custom 953		disabled	FALSE	disabled	always_record	positive	everywhere
event954	Custom 954		disabled	FALSE	disabled	always_record	positive	everywhere
event955	Custom 955		disabled	FALSE	disabled	always_record	positive	everywhere
event956	Custom 956		disabled	FALSE	disabled	always_record	positive	everywhere
event957	Custom 957		disabled	FALSE	disabled	always_record	positive	everywhere
event958	Custom 958		disabled	FALSE	disabled	always_record	positive	everywhere
event959	Custom 959		disabled	FALSE	disabled	always_record	positive	everywhere
event960	Custom 960		disabled	FALSE	disabled	always_record	positive	everywhere
event961	Custom 961		disabled	FALSE	disabled	always_record	positive	everywhere
event962	Custom 962		disabled	FALSE	disabled	always_record	positive	everywhere
event963	Custom 963		disabled	FALSE	disabled	always_record	positive	everywhere
event964	Custom 964		disabled	FALSE	disabled	always_record	positive	everywhere
event965	Custom 965		disabled	FALSE	disabled	always_record	positive	everywhere
event966	Custom 966		disabled	FALSE	disabled	always_record	positive	everywhere
event967	Custom 967		disabled	FALSE	disabled	always_record	positive	everywhere
event968	Custom 968		disabled	FALSE	disabled	always_record	positive	everywhere
event969	Custom 969		disabled	FALSE	disabled	always_record	positive	everywhere
event970	Custom 970		disabled	FALSE	disabled	always_record	positive	everywhere
event971	Custom 971		disabled	FALSE	disabled	always_record	positive	everywhere
event972	Custom 972		disabled	FALSE	disabled	always_record	positive	everywhere
event973	Custom 973		disabled	FALSE	disabled	always_record	positive	everywhere
event974	Custom 974		disabled	FALSE	disabled	always_record	positive	everywhere
event975	Custom 975		disabled	FALSE	disabled	always_record	positive	everywhere
event976	Custom 976		disabled	FALSE	disabled	always_record	positive	everywhere
event977	Custom 977		disabled	FALSE	disabled	always_record	positive	everywhere
event978	Custom 978		disabled	FALSE	disabled	always_record	positive	everywhere
event979	Custom 979		disabled	FALSE	disabled	always_record	positive	everywhere
event980	Custom 980		disabled	FALSE	disabled	always_record	positive	everywhere
event981	Custom 981		disabled	FALSE	disabled	always_record	positive	everywhere
event982	Custom 982		disabled	FALSE	disabled	always_record	positive	everywhere
event983	Custom 983		disabled	FALSE	disabled	always_record	positive	everywhere
event984	Custom 984		disabled	FALSE	disabled	always_record	positive	everywhere
event985	Custom 985		disabled	FALSE	disabled	always_record	positive	everywhere
event986	Custom 986		disabled	FALSE	disabled	always_record	positive	everywhere
event987	Custom 987		disabled	FALSE	disabled	always_record	positive	everywhere
event988	Custom 988		disabled	FALSE	disabled	always_record	positive	everywhere
event989	Custom 989		disabled	FALSE	disabled	always_record	positive	everywhere
event990	Custom 990		disabled	FALSE	disabled	always_record	positive	everywhere
event991	Custom 991		disabled	FALSE	disabled	always_record	positive	everywhere
event992	Custom 992		disabled	FALSE	disabled	always_record	positive	everywhere
event993	Custom 993		disabled	FALSE	disabled	always_record	positive	everywhere
event994	Custom 994		disabled	FALSE	disabled	always_record	positive	everywhere
event995	Custom 995		disabled	FALSE	disabled	always_record	positive	everywhere
event996	Custom 996		disabled	FALSE	disabled	always_record	positive	everywhere
event997	Custom 997		disabled	FALSE	disabled	always_record	positive	everywhere
event998	Custom 998		disabled	FALSE	disabled	always_record	positive	everywhere
event999	Day Number (E999)		counter	FALSE	disabled	always_record	positive	everywhere
event1000	Custom 1000		disabled	FALSE	disabled	always_record	positive	everywhere
revenue	Revenue		currency	TRUE	disabled	unavailable	positive	everywhere
orders	Orders		counter	FALSE	disabled	unavailable	positive	everywhere
units	Units		counter	FALSE	disabled	unavailable	positive	everywhere
carts	Carts		counter	FALSE	disabled	always_record	positive	hidden
cartviews	Cart Views		counter	FALSE	disabled	always_record	positive	everywhere
instances	Instances		counter	FALSE	disabled	unavailable	positive	everywhere
checkouts	Checkouts		counter	FALSE	disabled	always_record	positive	everywhere
cartadditions	Cart Additions		counter	FALSE	disabled	always_record	positive	everywhere
cartremovals	Cart Removals		counter	FALSE	disabled	always_record	positive	everywhere
visits	Visits		counter_no_subrelations	TRUE	unavailable	unavailable	positive	everywhere
pageviews	Page Views		counter_no_subrelations	FALSE	unavailable	unavailable	positive	everywhere
visitorsdaily	Daily Unique Visitors		counter_no_subrelations	FALSE	unavailable	unavailable	positive	everywhere
uniquevisitors	Unique Visitors		counter_no_subrelations	FALSE	unavailable	unavailable	positive	everywhere
